{"cameraMode":{"drawMode":0,"name":"Shaded","section":"Shading Mode"},"sceneLighting":true,"audioPlay":false,"sceneViewState":{"showFog":true,"showMaterialUpdate":true,"showSkybox":true,"showFlares":true,"showImageEffects":true,"showParticleSystems":true},"in2DMode":false,"pivot":{"x":-2.151064872741699,"y":-2.5489816665649416,"z":-9.492501258850098},"rotation":{"x":-0.25361233949661257,"y":0.6451372504234314,"z":-0.24085184931755067,"w":-0.6793164014816284},"size":6.5913310050964359,"orthographic":false}